"type","pantry_name","address","borough","zipcode","days","weeks_in_month","hours"
"SK","HOLY APOSTLES SOUP KITCHEN","296 NINTH AVENUE @ 28TH ST.","Manhattan",10001,"MON, TUES, WED, THUR, FRI",NA,"10:30AM-12:30PM"
"FP","HOLY APOSTLES SOUP KITCHEN PANTRY","296 NINTH AVENUE","Manhattan",10001,"TUE,WED,THUR",NA,"1:30-3PM"
"FP","ST. JOHN'S BREAD OF LIFE","213 WEST 30TH STREET","Manhattan",10001,"WED","2,4","11AM-1PM"
"FP","ARTISTS ATHLETES ACTIVISTS INCORPORATED","110 COLUMBIA STREET","Manhattan",10002,"THUR",NA,"12:30-3PM"
"FP","DEWITT REFORMED CHURCH","280 RIVINGTON STREET","Manhattan",10002,"SAT","1,3","10AM-12PM"
"FP","MANHATTAN DOWNTOWN MULTI-CULTURAL FOOD PANTRY","160 ALLEN STREET - SUITE #20","Manhattan",10002,"THUR","1","8:30-10:30AM"
"FP","OUR LADY OF SORROWS","213 STANTON STREET","Manhattan",10002,"TUE,THUR",NA,"8-11AM"
"FP","UA3 COMMUNITY FIRST FOOD PANTRY","384 GRAND STREET","Manhattan",10002,"MON,THUR",NA,"10AM - 2PM"
"FP","VISION URBANA","66 ESSEX STREET","Manhattan",10002,"MON",NA,"9-11AM"
"FP","LILLIAN WALD FOOD PANTRY","12 AVENUE D","Manhattan",10009,"WED",NA,"10AM-2PM"
"FP","NAZARETH HOUSING INC","206 EAST 4TH STREET","Manhattan",10009,"TUE",NA,"8:30-10AM"
"FP","THE CRW COMMUNITY FOOD PANTRY","25-29 AVENUE D","Manhattan",10009,"TUE, WED",NA,"4-5:45PM"
"FP","THE LOWER EASTSIDE GIRLS CLUB","402 EAST 8TH STREET","Manhattan",10009,"WED",NA,"11:30AM-2:30PM"
"FP","TRINITY'S SERVICES AND FOOD FOR THE HOMELESS, INC.","602 EAST 9TH STREET","Manhattan",10009,"MON, TUES, WED, THUR",NA,"12:30-1:30PM"
"SK","TRINITY'S SERVICES AND FOOD FOR THE HOMELESS, INC.","602 EAST 9TH STREET","Manhattan",10009,"MON,TUES,WED,THUR,FRI",NA,"11AM-12PM"
"SK","UNIVERSITY COMMUNITY SOCIAL SERVICES, INC","137 EAST 2ND STREET","Manhattan",10009,"SAT",NA,"9-10AM&1-2:30PM"
"FP","ASCENSION OUTREACH, INC","12 WEST 11TH STREET","Manhattan",10011,"SAT","1,3","8:30-9AM"
"FP","ST. PETER'S FOOD PANTRY","346 WEST 20TH ST. NR. 9TH AVE","Manhattan",10011,"SAT",NA,"10:30-11:30AM"
"FP","THE RED DOOR PLACE","201 WEST 13TH STREET","Manhattan",10011,"TUE",NA,"2-4:50PM"
"SK","THE RED DOOR PLACE","201 WEST 13TH STREET","Manhattan",10011,"SAT",NA,"12-2PM"
"SK","THE SALVATION ARMY NEW YORK TEMPLE","120 WEST 14TH STREET","Manhattan",10011,"MON, TUES, WED, THUR",NA,"12-1PM"
"FP","THE SALVATION ARMY NEW YORK TEMPLE CORPS","120 WEST 14TH STREET","Manhattan",10011,"MON,TUES,WED,THUR,FRI",NA,"9:30-11:30AM"
"SK","XAVIER MISSION INC","55 WEST 15TH STREET","Manhattan",10011,"SUN",NA,"12:45-3PM"
"FP","THE DOOR'S FOOD & NUTRITION PROGRAM","555 BROOME STREET","Manhattan",10013,"MON,TUES,WED,THUR,FRI",NA,"4:30-5:30PM"
"SK","THE DOOR'S FOOD & NUTRITION PROGRAM","555 BROOME STREET","Manhattan",10013,"MON,TUES,WED,THUR,FRI",NA,"4:30-5:30PM"
"SK","GRAND CENTRAL NEIGHBORHOOD SOCIAL SERVICE CORP.","120 EAST 32ND STREET","Manhattan",10016,"MON,TUES,WED,THUR,FRI,SAT,SUN",NA,"6:30-7:30A/12-1:30P/4-6P"
"FP","GRAND CENTRAL NEIGHBORHOOD SOCIAL SERVICES CORPORATION","120 EAST 32ND STREET","Manhattan",10016,"WED",NA,"2-3:30PM"
"FP","GAY MEN'S HEALTH CRISIS","307 WEST 38TH STREET","Manhattan",10018,"TUES,WED,THUR",NA,"11AM-2PM"
"FP","MCCNY CHARITIES","446 WEST 36TH STREET","Manhattan",10018,"THUR",NA,"9-11AM"
"FP","RAUSCHENBUSCH METRO MINISTRIES INC.","410 WEST 40TH STREET","Manhattan",10018,"SAT","1,2,3,4","11-11:30AM"
"FP","ST. PAUL'S HOUSE INC.","335 WEST 51ST STREET","Manhattan",10019,"TUE",NA,"9:30-10:30AM"
"SK","ST. PAUL'S HOUSE INC.","335 WEST 51ST STREET","Manhattan",10019,"MON,WED,FRI",NA,"8-:8:30AM"
"SK","COALITION FOR THE HOMELESS","108 EAST 51ST STREET","Manhattan",10022,"MON,TUES,WED,THUR,FRI,SAT,SUN",NA,"5:30-10PM"
"FP","CROSSROADS COMMUNITY SERVICES INC","108 EAST 51ST STREET","Manhattan",10022,"THUR",NA,"10AM-1PM"
"SK","CROSSROADS COMMUNITY SERVICES INC","108 EAST 51ST STREET","Manhattan",10022,"MON,WED,SUN",NA,"7:30AM-8:45AM"
"FP","NATIONAL COUNCIL OF JEWISH WOMEN","241 WEST 72ND STREET","Manhattan",10023,"MON",NA,"9:30AM-1:30PM"
"SK","NATIONAL COUNCIL OF JEWISH WOMEN","241 WEST 72ND STREET","Manhattan",10023,"WED,SUN",NA,"4:30-5:30PM/11:30AM-12:30PM"
"SK","CONGREGATION B'NAI JESHURUN","257 WEST 88TH STREET","Manhattan",10024,"THUR",NA,"12-1PM"
"SK","ST. IGNATIUS EPISCOPAL CHURCH","552 WEST END AVE","Manhattan",10024,"MON,SAT",NA,"6:45-7:15PM/3:45-4:15PM"
"FP","WESTSIDE CAMPAIGN AGAINST HUNGER","263 W. 86th St.@ WEST END AVE.","Manhattan",10024,"TUE, WED, THUR, FRI",NA,"9AM-1PM"
"FP","ADVENT LUTHERAN CHURCH","2504 BROADWAY","Manhattan",10025,"SAT","1,3","10AM-12PM"
"SK","ADVENT LUTHERAN CHURCH","2504 BROADWAY","Manhattan",10025,"SAT","2,4","12-1PM"
"FP","BROADWAY COMMUNITY","601 WEST 114TH STREET","Manhattan",10025,"TUE,THUR",NA,"2-5PM"
"SK","BROADWAY COMMUNITY","601 WEST 114TH STREET","Manhattan",10025,"MON,TUE,WED,FRI",NA,"10-11:30A&12:30-1:30P"
"FP","CATHEDRAL COMMUNITY CARES","1047 AMSTERDAM AVENUE","Manhattan",10025,"THUR",NA,"12-6PM"
"SK","CATHEDRAL OF ST. JOHN THE DIVINE","1047 AMSTERDAM AVENUE @ W. 112TH ST.","Manhattan",10025,"SUN",NA,"10AM-3PM"
"FP","COMMUNITY IMPACT","616 WEST 114TH STREET","Manhattan",10025,"MON,WED,THUR",NA,"11AM-2PM"
"SK","SOUP KITCHEN/COMMUNITY LUNCH","601 WEST 114TH STREET (BASEMENT OF BROADWAY PRESBYTE","Manhattan",10025,"FRI",NA,"12:30-2PM"
"SK","SOUTHERN BAPTIST CHURCH","12 WEST 108TH STREET","Manhattan",10025,"WED",NA,"12-1:30PM"
"SK","ST. MICHAEL'S CHURCH","225 WEST 99TH STREET","Manhattan",10025,"SAT",NA,"10-11:30AM"
"FP","FOOD BANK FOR NEW YORK CITY","252 WEST 116TH STREET","Manhattan",10026,"TUE,WED, THUR, SAT","1","9:30A-3:30P/12-6PM/11AM-2PM"
"SK","FOOD BANK FOR NEW YORK CITY","252 WEST 116TH STREET","Manhattan",10026,"MON,TUES,WED,THUR,FRI",NA,"4-6PM"
"SK","FREE FOOD HARLEM","37 WEST 119TH STREET","Manhattan",10026,"WED,FRI",NA,"5:15-7PM"
"FP","PROJECT CREATE - ANTHONY HOUSE","73 LENOX AVE","Manhattan",10026,"WED",NA,"10AM-12PM"
"FP","AFRICAN SERVICES COMMITTEE","429 WEST 127TH STREET","Manhattan",10027,"MON,TUES,WED,THUR,FRI",NA,"10AM-4PM"
"FP","ANTIOCH OUTREACH MINISTRIES","41 WEST 124TH STREET","Manhattan",10027,"SAT",NA,"7:30-11AM"
"FP","CHURCH OF THE ANNUNCIATION","88 CONVENT AVE. NEAR 132ND ST.","Manhattan",10027,"TUE",NA,"2-5PM"
"FP","HARLEM DOWLING WEST SIDE CENTER/SPECIALIZED SERVICES","2139 ADAM CLAYTON POWELL JR. BLVD @ 127TH STREET","Manhattan",10027,"FRI",NA,"12-2PM"
"FP","MT. OLIVET BAPTIST CHURCH COMMUNITY MEAL PROGRAM","201 LENOX AVE","Manhattan",10027,"TUE,WED",NA,"10:30-11:30AM"
"FP","RIVERSIDE CHURCH FOOD PANTRY","91 CLAREMONT AVE @ 120TH STREET","Manhattan",10027,"TUES,WED,THUR,FRI",NA,"9AM-1PM"
"FP","ANOTHER CHOICE YOUTH AND FAMILY OUTREACH INC","1765 MADISON AVE","Manhattan",10029,"FRI,SAT","2,4","10-11AM/10AM-12PM"
"FP","LITTLE SISTERS OF THE ASSUMPTION FAMILY HEALTH SERVICE","333 EAST 115TH STREET","Manhattan",10029,"WED",NA,"9-11:30AM & 1-2:30PM"
"FP","MACEDONIA CH. ASSEMBLY OF GOD-BREAD OF LIFE FOOD PANTRY","340 EAST 106TH STREET","Manhattan",10029,"FRI",NA,"9-10:30AM"
"FP","NEW YORK COMMON PANTRY","8 EAST 109TH STREET","Manhattan",10029,"WED,THUR,FRI,SAT",NA,"10AM-2:30PM"
"SK","NEW YORK COMMON PANTRY","8 EAST 109TH STREET","Manhattan",10029,"MON,TUES,WED,THUR,FRI",NA,"2:30-3:30PM"
"FP","ST. CECILIA'S PARISH SERVICES","125 EAST 105TH STREET","Manhattan",10029,"WED",NA,"9AM-12PM"
"FP","IRIS HOUSE","2348 ADAM CLAYTON POWELL JR. BLVD","Manhattan",10030,"THUR",NA,"10AM-3PM"
"SK","IRIS HOUSE","2348 ADAM CLAYTON POWELL JR. BLVD","Manhattan",10030,"TUES,WED,THUR,FRI",NA,"12-1:30PM"
"FP","SAGE CENTER HARLEM (LOVE WINS FOOD PANTRY)","220 WEST 143RD STREET","Manhattan",10030,"WED","2","3-5PM"
"FP","ST. CHARLES BORROMEO CHURCH","211 WEST 141ST STREET","Manhattan",10030,"SAT",NA,"9-11:30AM"
"FP","WEST HARLEM GROUP ASSISTANCE, INC","625 LENOX AVE","Manhattan",10030,"MON,TUES,WED,THUR",NA,"10AM-2PM"
"FP","ZEINA LORRAINE INC","203 WEST 133RD STREET","Manhattan",10030,"TUE,THUR",NA,"11AM-2PM"
"FP","CONVENT AVENUE BAPTIST CHURCH","425 WEST 144TH STREET @ CONVENT AVE","Manhattan",10031,"MON","1,3","9AM-12PM"
"FP","FAMILY INTEGRATION MINISTRY FOOD PANTRY","1875 AMSTERDAM AVENUE","Manhattan",10031,"THUR",NA,"12-2PM"
"FP","UPPER MANHATTAN MENTAL HEALTH CENTER","1727 AMSTERDAM AVE @ 145TH","Manhattan",10031,"TUE,WED,THUR",NA,"11AM-2PM"
"FP","CITY HARVEST MOBILE MARKET - PRINCE HALL","454 WEST 155TH STREET","Manhattan",10032,"THUR,SAT","4","9:30-11:30AM"
"FP","COMMUNITY LEAGUE OF THE HEIGHTS","508 WEST 159TH STREET","Manhattan",10032,"WED,SAT",NA,"9AM-1PM"
"FP","CATHOLIC CHARITIES WASHINGTON HEIGHTS FOOD PANTRY","665 WEST 182ND STREET","Manhattan",10033,"THUR",NA,"10AM-12PM"
"FP","INTERNATIONAL PENTECOSTAL CHURCH","619 WEST 179TH STREET","Manhattan",10033,"TUE,FRI",NA,"11:30AM-3:30PM/12-3PM"
"FP","JEWISH COMMUNITY COUNCIL OF WASHINGTON HGTS","121 BENNETT AVENUE #11A","Manhattan",10033,"WED","1,2,3","10AM-1PM"
"FP","BOROUGH COMMUNITY ACTION NETWORK INWOOD","213 SHERMAN AVENUE","Manhattan",10034,"FRI",NA,"2-4PM"
"FP","CABRINI IMMIGRANT SERVICES OF NEW YORK CITY INC","630 ISHAM STREET","Manhattan",10034,"SAT",NA,"7:30-9AM"
"FP","CITY HARVEST MOBILE MARKET - DYCKMAN HOUSES","177 NAGLE AVENUE","Manhattan",10034,"WED,SAT",NA,"9:30-11:30AM"
"SK","NEW YORK CITY LOVE KITCHEN INC","3816 9TH AVE","Manhattan",10034,"MON,TUES,WED,THUR,FRI",NA,"2-4PM"
"FP","WORLDWIDE MISSIONARY MOVEMENT/CENTRO EVANGELISTICO MMM, INC","148 POST AVENUE","Manhattan",10034,"SAT",NA,"10AM-1PM"
"FP","BETH HARK CHRISTIAN COUNSELING CENTER","1832 MADISON AVE @120 ST","Manhattan",10035,"TUE,THUR",NA,"12-2PM/11AM - 1PM"
"SK","BETH HARK CHRISTIAN COUNSELING CENTER","1832 MADISON AVENUE","Manhattan",10035,"WED,THUR",NA,"12-2PM"
"FP","CHAMBERS MEMORIAL BAPTIST CHURCH/LOVE OFFERING","219 EAST 123RD STREET","Manhattan",10035,"WED",NA,"9-11AM"
"SK","FRATERNITE NOTRE DAME","2290 FIRST AVENUE","Manhattan",10035,"THUR",NA,"11AM-1PM"
"FP","FRATERNITE NOTRE DAME, INC","2290 FIRST AVENUE","Manhattan",10035,"FRI",NA,"2-5PM"
"FP","FRIENDLY HANDS MINISTRY INC","115 EAST 125TH STREET","Manhattan",10035,"WED,THUR",NA,"10AM-12PM/10AM-12PM"
"FP","THE SALVATION ARMY MANHATTAN CITADEL","175 EAST 125TH STREET","Manhattan",10035,"MON,TUES,WED,THUR,FRI",NA,"9AM-3PM"
"FP","ST. CLEMENTS FOOD PANTRY","423 WEST 46TH STREET  9TH/10AVE","Manhattan",10036,"FRI,SAT",NA,"2-6PM/8-11:30AM"
"FP","BETHEL AME CHURCH","54-60 WEST 132ND STREET","Manhattan",10037,"THUR",NA,"9:30-11:30AM"
"FP","CCCS - KENNEDY CENTER FOOD PANTRY","34 WEST 134TH STREET","Manhattan",10037,"WED",NA,"10AM-1PM"
"FP","ST. MARK THE EVANGELIST CHURCH","65 WEST 138TH STREET","Manhattan",10037,"SAT","1,2,3,4","10AM-12PM"
"FP","BOROUGH COMMUNITY ACTION NETWORK HARLEM","304 WEST 154TH STREET","Manhattan",10039,"FRI",NA,"12-3PM"
"FP","FATHER CREAVIN'S FOOD PANTRY","276 WEST 151ST STREET","Manhattan",10039,"TUE",NA,"9-11AM"
"FP","ROOSEVELT ISLAND DISABLE ASSOCIATION (RIDA)","548A MAIN STREET (ROOSEVELT ISLAND)","Manhattan",10044,"FRI",NA,"4-6PM"
"SK","CHRIST CHURCH UNITED METHODIST","524 PARK AVENUE @ 60TH ST.","Manhattan",10065,"SUN",NA,"4:30-6PM"
"SK","TEMPLE SHAARAY TEFILA","250 EAST 79TH STREET","Manhattan",10075,"WED",NA,"11:15AM-12PM"
"FP","ISAACS HOLMES FOOD PANTRY","415 EAST 93RD STREET","Manhattan",10128,"WED",NA,"9:30-11AM"
"FP","THE URBAN OUTREACH CENTER OF NYC","1745 1ST AVENUE","Manhattan",10128,"TUE",NA,"5:30-6:30PM"
"SK","THE URBAN OUTREACH CENTER OF NYC","1745 1ST AVENUE","Manhattan",10128,"WED, FRI",NA,"9AM - 1PM"
"FP","BAIT-UL JAMAAT-HOUSE COMMUNITY INC","192 CORSON AVENUE","Staten Island",10301,"THUR","1,3","11AM-3PM"
"FP","SKYLIGHT CENTER","307 ST. MARKS PLACE","Staten Island",10301,"TUE",NA,"2-3PM"
"FP","COMMUNITY HEALTH ACTION OF STATEN ISLAND","2134 RICHMOND TERRACE","Staten Island",10302,"MON,TUE,WED,FRI",NA,"2:30-4:30PM"
"FP","REACH OUT AND TOUCH FOOD PANTRY","51 COTTAGE PLACE","Staten Island",10302,"SAT,SAT","3","12-1PM/11AM-1PM"
"FP","CHRIST ABUNDANT LIFE MINISTRIES","121 GRANDVIEW AVENUE","Staten Island",10303,"THUR",NA,"5:30-6:30PM"
"FP","CHRISTIAN PENTECOSTAL CHURCH","900 RICHMOND ROAD","Staten Island",10304,"TUE",NA,"2-4PM"
"FP","CITY HARVEST - STAPLETON MOBILE MARKET","75 HILL STREET","Staten Island",10304,"TUE,SAT","3","9:30-11:30AM"
"FP","FEEDING WITH TLC INC","309 ST. PAULS AVENUE","Staten Island",10304,"SAT",NA,"10:30AM-12:30PM"
"SK","FEEDING WITH TLC INC SOUP KITCHEN","175 BEACH STREET","Staten Island",10304,"SAT",NA,"10:30AM-12:30PM"
"FP","OUR LADY OF GOOD COUNSEL CHURCH (STATEN ISLAND)","42 AUSTIN PLACE","Staten Island",10304,"SAT",NA,"9:30-11AM"
"FP","PROJECT HOSPITALITY, INC.","205 CANAL STREET","Staten Island",10304,"TUE, THUR",NA,"9-11AM"
"SK","PROJECT HOSPITALITY, INC.","211 CANAL STREET","Staten Island",10304,"TUE, THUR",NA,"11:30AM - 1PM"
"FP","STAPLETON U.A.M.E. CHURCH","49 TOMPKINS AVE","Staten Island",10304,"TUE,FRI",NA,"10AM-1PM"
"SK","STAPLETON U.A.M.E. CHURCH","49 TOMPKINS AVENUE","Staten Island",10304,"MON,WED",NA,"3-4PM/12-1PM"
"FP","THE SALVATION ARMY STAPLETON CORPS","15 BROAD STREET","Staten Island",10304,"TUES,WED,THUR",NA,"12-1:30PM"
"SK","THE SALVATION ARMY STAPLETON CORPS","15 BROAD STREET","Staten Island",10304,"MON,FRI",NA,"11:30AM-1PM"
"FP","UNITED CHURCH OF PRAISE INTERNATIONAL MINISTRIES, INC","487 VANDERBILT AVENUE","Staten Island",10304,"FRI,SUN",NA,"1-3PM"
"FP","HEALTH ESSENTIAL ASSOCIATION INC","322 NEW DORP LANE","Staten Island",10306,"TUE","2","10:30-11:30AM"
"FP","MESIVTHA OF STATEN ISLAND","1870 DRUMGOOLE ROAD EAST","Staten Island",10309,"WED",NA,"11AM-12PM"
"FP","ST. EDWARD FOOD PANTRY","6581 HYLAN BOULEVARD","Staten Island",10309,"FRI",NA,"10AM-1PM"
"FP","CALVARY ASSEMBLY OF GOD","4055 RICHMOND AVENUE","Staten Island",10312,"THUR",NA,"11AM-12:30PM"
"FP","JEWISH COMMUNITY CENTER OF STATEN ISLAND","1466 MANOR ROAD","Staten Island",10314,"MON,TUES,WED,THUR,FRI",NA,"9-5PM"
"FP","BOOM! HEALTH","3144 3RD AVENUE","Bronx",10451,"MON,WED,THUR",NA,"11AM-12:30PM"
"FP","CITY HARVEST - MELROSE MOBILE MARKET","286 EAST 156TH STREET","Bronx",10451,"WED,SAT",NA,"9:30-11:30AM"
"FP","THE SALVATION ARMY BRONX CITADEL","425 EAST 159TH STREET","Bronx",10451,"TUE",NA,"9AM-12PM"
"SK","THE SALVATION ARMY BRONX CITADEL","425 EAST 159TH STREET","Bronx",10451,"MON,WED,FRI",NA,"1-2PM"
"FP","GRAND CONCOURSE SEVENTH DAY ADVENTIST CHURCH","1275 GRAND CONCOURSE","Bronx",10452,"WED",NA,"1:30-4PM"
"FP","MOMENTUM PROJECT @ CHURCH OF THE GOD OF PROPHECY","85 EAST 165TH STREET","Bronx",10452,"TUE",NA,"11AM-1PM"
"FP","MOSAIC BEACON COMMUNITY CENTER","1257 OGDEN AVENUE","Bronx",10452,"FRI",NA,"3-5PM"
"FP","NEW COVENANT COMMUNITY CORP FP (NCCDC ELG PANTRY)","1240 EDWARD L. GRANT HIGHWAY","Bronx",10452,"MON",NA,"11AM - 1PM"
"FP","THE COMMUNITY FOOD PANTRY","1363 OGDEN AVE","Bronx",10452,"TUE,THUR",NA,"10AM-1PM/12-3PM/10AM-12PM"
"FP","WHEDCO - FOOD PANTRY","50 EAST 168TH STREET","Bronx",10452,"WED",NA,"9:30-10:30AM"
"SK","WOODYCREST UNITED METHODIST CHURCH","89 WEST 166TH STREET","Bronx",10452,"WED",NA,"12-1:30PM"
"FP","CALVARY UNITED METHODIST CHURCH FOOD PANTRY","1885 UNIVERSITY AVENUE","Bronx",10453,"FRI",NA,"11AM-1PM"
"FP","DAVIDSON COMMUNITY CENTER INC","2038 DAVIDSON AVENUE","Bronx",10453,"FRI",NA,"5-8PM"
"FP","MUNA SOCIAL SERVICE BAITUL ISLAM MASJID","2107 DAVIDSON AVENUE","Bronx",10453,"THUR",NA,"2-3PM"
"FP","ST. EDMUNDS YOUTH PROGRAM INC","1905 MORRIS AVENUE","Bronx",10453,"THUR",NA,"12-2PM"
"FP","ABRAHAM HOUSE, INC","340 WILLIS AVENUE","Bronx",10454,"SAT",NA,"9-11AM"
"FP","ST. ANN'S CHURCH OF MORRISANIA","295 ST. ANN'S AVENUE","Bronx",10454,"WED",NA,"10AM-1PM & 5-6PM"
"SK","ST. ANN'S CHURCH OF MORRISANIA","295 ST. ANN'S AVENUE","Bronx",10454,"SUN",NA,"11AM-1PM"
"FP","ST. JEROME H.A.N.D.S. COMMUNITY CENTER","330 EAST 138TH STREET","Bronx",10454,"WED",NA,"10AM-1PM"
"FP","ST. LUKES FOOD PANTRY","623 EAST 138TH STREET","Bronx",10454,"FRI",NA,"10AM-1PM"
"FP","BRONX TEMPLE SEVENTH DAY ADVENTIST CHURCH","495 WILLIS AVENUE","Bronx",10455,"MON,WED,THUR",NA,"11:30AM-2:30PM"
"FP","CCCS BRONX FOOD PANTRY","402 EAST 152ND STREET","Bronx",10455,"WED,THUR,FRI",NA,"4-6PM/10AM-12PM"
"FP","CITY HARVEST - ST. MARY'S MOBILE MARKET","595 TRINITY AVENUE","Bronx",10455,"TUE,SAT",NA,"9:30-11:30AM"
"FP","GIVE THEM TO EAT","800 EAST 156TH STREET","Bronx",10455,"FRI",NA,"11AM-2PM"
"FP","UNITED BRONX PARENTS, INC.","603 PROSPECT AVENUE","Bronx",10455,"WED,THU,FRI",NA,"11AM-12PM"
"SK","UNITED BRONX PARENTS, INC.","603 PROSPECT AVENUE","Bronx",10455,"MON,TUES,WED,THUR,FRI",NA,"2:30-4PM"
"FP","WAY OUT CHURCH MINISTRIES, INC","520 EAST 148TH STREET","Bronx",10455,"WED,FRI",NA,"9-10:30AM"
"FP","ADMIRABLE CHRIST MINISTRIES FOOD PANTRY","1446 PROSPECT AVENUE","Bronx",10456,"FRI","2,4","2-3:30PM"
"FP","CARING SHEPERD SUPPLIES MINISTRIES INC","4056 BARNES AVENUE","Bronx",10456,"THUR","1, ","4-6PM"
"FP","HOLY TABERNACLE CHURCH INC.","3780 THIRD AVENUE","Bronx",10456,"TUE",NA,"4:30-5PM"
"SK","HOLY TABERNACLE CHURCH INC.","3780 THIRD AVENUE","Bronx",10456,"TUE",NA,"3:30-4:30PM"
"FP","INSPIRATIONAL GOSPEL ASSEMBLY","1211 BROOK AVENUE","Bronx",10456,"SAT",NA,"11AM-1PM"
"FP","MANNA OF LIFE MINISTRIES, INC","1101 BOSTON ROAD","Bronx",10456,"WED,THUR,SAT",NA,"8AM-12PM"
"SK","MANNA OF LIFE MINISTRIES, INC","1101 BOSTON ROAD","Bronx",10456,"SAT",NA,"9AM-1PM"
"FP","MORRISANIA REVITALIZATION CORP INC","576B EAST 165TH STREET","Bronx",10456,"MON,WED,FRI",NA,"9AM-1PM"
"FP","NEW COVENANT COMMUNITY DEVELOPMENT CORP","1175 BOSTON ROAD","Bronx",10456,"TUE,THUR",NA,"2-4PM/10AM-1PM"
"FP","REDEEMED CHRISTIAN CHURCH OF GOD","1001-1005 MORRIS AVENUE","Bronx",10456,"TUE",NA,"2-6PM"
"FP","THE BIBLE CHURCH OF CHRIST","1358 MORRIS AVENUE","Bronx",10456,"WED,SUN","2,4","1-4PM/3-5PM"
"FP","VINEYARD INTERNATIONAL CHRISTIAN MINISTRIES","1140 TELLER AVE","Bronx",10456,"SAT",NA,"10AM-12PM"
"FP","WORLD RESTORATION CENTER, INC","488 EAST 164TH STREET","Bronx",10456,"SAT",NA,"12-2PM"
"FP","ASH-SHIFAA INC FP","2269 CROTONA AVENUE","Bronx",10457,"MON,TUES,WED,THUR,FRI",NA,"1-5PM/2-5PM"
"FP","BRONX SEVENTH DAY ADVENTIST CHURCH","1695 WASHINGTON AVENUE","Bronx",10457,"THUR",NA,"2-5PM"
"FP","MORNING STAR FULL GOSPEL ASSEMBLY","464 TREMONT AVENUE","Bronx",10457,"WED",NA,"4-6PM"
"FP","REVELACION DIVINA FOOD PANTRY","240 EAST 175TH STREET","Bronx",10457,"MON",NA,"5-7PM"
"FP","SAGE CENTER BRONX (LOVE WINS FOOD PANTRY)","1784 PROSPECT AVENUE","Bronx",10457,"THUR","3","1-3PM"
"FP","ST. SIMON STOCK FOOD PANTRY","2195 VALENTINE AVENUE","Bronx",10457,"FRI",NA,"9-10AM"
"FP","THE GAMBIAN YOUTH ORGANIZATION FOOD PANTRY","214 EAST 181ST STREET","Bronx",10457,"SUN",",4","2-5PM"
"FP","PART OF THE SOLUTION","2759 WEBSTER AVENUE","Bronx",10458,"MON,TUES,WED,THUR,FRI,SAT",NA,"8:30-11AM"
"SK","PART OF THE SOLUTION (P.O.T.S.)","2759 WEBSTER AVENUE","Bronx",10458,"MON,TUES,WED,THUR,FRI",NA,"12:30-3:30PM"
"FP","THORPE FAMILY RESIDENCE","406 EAST 184TH STREET","Bronx",10458,"WED",NA,"7:30-9:30AM"
"FP","GIVE BY GRACE WHAT BY GRACE YOU HAVE RECEIVED INC","936 EAST 165TH STREET","Bronx",10459,"FRI",NA,"12-1:30PM"
"SK","LOYAL BAPTIST CHURCH","881 EAST 167TH STREET","Bronx",10459,"THUR",NA,"11AM-3PM"
"FP","NEW YORK COMMON PANTRY - BRONX","1290 HOE AVENUE","Bronx",10459,"THUR,FRI,SAT",NA,"10AM-2:30PM"
"SK","PATHHSEO INC","1357 SOUTHERN BLVD","Bronx",10459,"SAT",NA,"12-2PM"
"FP","RESURRECTION AND LIFE PENTECOSTAL CHURCH","870 EAST 163RD STREET","Bronx",10459,"TUE,SAT",NA,"12-2PM/10AM-12PM"
"FP","SPANISH SEVENTH DAY ADVENTIST CHURCH FOOD PANTRY","1038 PROSPECT AVENUE","Bronx",10459,"THUR",NA,"8:30-11:30AM"
"SK","ST. ANN'S CORNER OF HARM REDUCTION","886 WESTCHESTER AVENUE","Bronx",10459,"MON,TUES,WED,THUR,FRI",NA,"9AM-11PM"
"FP","THESSALONIA BAPTIST CHURCH","951 REV. JAMES POLITE AVE","Bronx",10459,"TUE",NA,"10-11:30AM"
"FP","WORD OF LIFE CHRISTIAN FELLOWSHIP","830 UNION AVENUE","Bronx",10459,"SAT",NA,"11AM-3PM"
"FP","GETHSEMANE BAPTIST CHURCH","771 FAIRMOUNT PLACE","Bronx",10460,"THUR",NA,"8-10AM"
"SK","GRACE EPISCOPAL CHURCH","1909 VYSE AVENUE","Bronx",10460,"SAT",NA,"12-1:30PM"
"FP","GRACE EPISCOPAL CHURCH  (BX)","1909 VYSE AVENUE","Bronx",10460,"THUR",NA,"7:30-10:30AM"
"SK","ST. ANTHONY'S CHURCH","1750 MANSION STREET","Bronx",10460,"SAT",NA,"7AM-1PM"
"FP","ST. THOMAS AQUINAS FOOD PANTRY","1900 CROTONA PARKWAY (SIDE OF CHURCH/BASEMENT)","Bronx",10460,"WED",NA,"10AM-12PM"
"FP","UNION GROVE BAPTIST CHURCH","1488 HOE AVENUE","Bronx",10460,"WED",NA,"9-11AM"
"FP","GURU SEVA HIDU MILAN MANDIR CULTURAL GROUP","3201 BRUCKNER BLVD","Bronx",10461,"SAT",NA,"11AM-3PM"
"FP","ST. PETER'S LOVE PANTRY","2500 WESTCHESTER AVENUE","Bronx",10461,"TUE","1,3","10AM-12PM"
"FP","JEWISH COMMUNITY COUNCIL OF PELHAM PARKWAY","2157 HOLLAND AVE","Bronx",10462,"THUR",NA,"11AM-3PM"
"FP","MUNA SOCIAL SERVICE PARKCHESTER ISLAMIC CENTER","1375 VIRGINIA AVENUE","Bronx",10462,"THUR","2,4","4-5PM"
"FP","PARKCHESTER BAPTIST CHURCH","2021 BENEDICT AVENUE","Bronx",10462,"TUE","2,4","11AM-12PM"
"FP","ROMAN CATHOLIC CHURCH OF ST. HELENA","1315 OLMSTEAD AVENUE","Bronx",10462,"WED",NA,"12-2PM"
"FP","ST. PAUL'S LUTHERAN CHURCH","1891 McGRAW AVENUE","Bronx",10462,"FRI",NA,"8-10AM"
"FP","THE KINGSBRIDGE HEIGHTS COMMUNITY CENTER INC","3067 KINGSBRIDGE TERRACE","Bronx",10463,"TUE,THUR",NA,"11AM-2:30PM"
"FP","BRONX BETHANY COMMUNITY CORPORATION","971 EAST 227TH STREET","Bronx",10466,"WED,THUR","1,2,3,4","9-11AM/3-6PM"
"FP","JAMAICA BENEVOLENT ARM & CULTURAL CENTER","2230 LIGHT STREET","Bronx",10466,"SAT",NA,"10AM-12PM"
"FP","JESUS RECONCILIATION MINISTRIES, INC","4051 BARNES AVENUE","Bronx",10466,"SAT","2,4","12-2PM"
"FP","MOUNT PISGAH BAPTIST CHURCH","709 EAST 228TH STREET","Bronx",10466,"SAT","2,3","9:30AM-11:30AM"
"FP","UNITED YES WE CAN, UNIDOS SISE PUEDE, INC","4327-4331 WHITE PLAINS ROAD","Bronx",10466,"SAT",NA,"12-3PM"
"FP","CHRIST DISCIPLES INTERNATIONAL MINISTRIES","3021-31 WEBSTER AVENUE","Bronx",10467,"MON,WED,SAT",NA,"10AM-3PM/9:30AM-12:30PM"
"FP","FOOD AND NUTRITION SERVICES PROGRAM","1802 CROTONA AVENUE","Bronx",10467,"WED",NA,"10AM-4PM"
"FP","MOSHOLU MONTEFIORE COMMUNITY CENTER FP","3450 DEKALB AVENUE","Bronx",10467,"WED","2,3,4","10AM-12PM"
"FP","ST. BRENDAN & ST. ANN PARISH","268 EAST 207TH STREET","Bronx",10467,"SAT",NA,"7:30-9AM"
"FP","CHURCH OF ST. NICHOLAS OF TOLENTINE","2345 UNIVERSITY AVE (BASEMENT FORDHAM RD ENT.)","Bronx",10468,"TUE",NA,"9-11AM"
"SK","CRESTON AVENUE BAPTIST CHURCH OF CHRIST, INC","114 EAST 188TH STREET","Bronx",10468,"SAT",NA,"12-2PM"
"FP","CRESTON AVENUE BAPTIST CHURCH, INC","114 EAST 188TH STREET","Bronx",10468,"MON,WED,FRI",NA,"12-2PM"
"FP","HEAVENLY VISION CHRISTIAN CENTER","2868 JEROME AVE","Bronx",10468,"TUE",NA,"9-10:30AM"
"FP","POWER PRAISE AND DELIVERANCE, INC","120 EAST 184TH STREET","Bronx",10468,"FRI",NA,"12-4PM"
"FP","ST. JAMES PLACE","2500 JEROME AVENUE","Bronx",10468,"SAT","2,","9:30-10:30AM"
"FP","ABUNDANT GRACE FOR THE FORSAKEN FOOD PANTRY","3101 EASTCHESTER ROAD","Bronx",10469,"SAT",NA,"9-11AM"
"FP","CHURCH OF GOD OF BRONXWOOD AVENUE","3232 LURTING AVENUE","Bronx",10469,"WED,SAT",NA,"10AM-2PM"
"FP","EASTCHESTER PRESBYTERIAN CHURCH","3154 FISH AVENUE","Bronx",10469,"SAT","3","10-11AM"
"SK","EASTCHESTER PRESBYTERIAN CHURCH","3154 FISH AVENUE","Bronx",10469,"THUR",NA,"5-6PM"
"FP","GOOD NEIGHBOR COMMUNITY OUTREACH AGENCY INC","3356 SEYMOUR AVENUE","Bronx",10469,"WED,FRI",NA,"12-2PM/7-9PM"
"FP","ICNA RELIEF BURKE AVENUE BRONX PANTRY","1277-D BURKE AVENUE","Bronx",10469,"SAT",NA,"9-11AM"
"FP","NORTH BRONX SEVENTH DAY ADVENTIST CHURCH","3743 BRONXWOOD AVENUE","Bronx",10469,"FRI",NA,"9AM-12PM"
"FP","BREAD OF LIFE FOOD PANTRY","1104 ELDER AVENUE #15","Bronx",10472,"SAT",NA,"1:30 - 4:30PM"
"FP","CHURCH OF THE ATONEMENT FOOD PANTRY","1344 BEACH AVENUE","Bronx",10472,"SAT","2,4","10AM-12PM"
"FP","EMANUEL PENTECOSTAL FAITH CHURCH","1310 ELDER AVE","Bronx",10472,"WED",NA,"12-2PM"
"FP","DISCIPLES OF GALILEE, INC","725 CASTLE HILL AVENUE","Bronx",10473,"WED,FRI",NA,"3-4PM/1-:2:30PM"
"FP","FELLOWSHIP COVENANT CHURCH","720 CASTLE HILL AVENUE","Bronx",10473,"WED",NA,"9-11:30AM"
"FP","GRACE & PEACE FOOD BANK","525 COMPTON AVENUE","Bronx",10473,"SAT","1,3","9AM-12PM"
"FP","LT WORKS FOOD PANTRY","2347 LAFAYETTE AVENUE","Bronx",10473,"THUR",NA,"10:30AM-12:30PM"
"FP","SHOUT FOR JOY BAPTIST CHURCH INC","456 WHITE PLAINS ROAD","Bronx",10473,"SAT",NA,"8-9:30AM"
"FP","SPANISH SOUNDVIEW SEVENTH DAY ADVENTIST CHURCH","1822 LACOMBE AVENUE","Bronx",10473,"WED",NA,"8AM-12:30PM"
"FP","CHAPEL OF THE GREAT RESTORER FOOD PANTRY","1121 LONGWOOD AVENUE","Bronx",10474,"SAT","2","12-2PM"
"FP","PRODIGAL CENTER","709 TIFFANY STREET","Bronx",10474,"TUE",NA,"11AM-2PM"
"FP","BLACK FORUM OF CO-OP CITY","920 BAYCHESTER AVE (REAR LOBBY LEVEL)","Bronx",10475,"TUE, THUR,FRI",NA,"11AM-12:45PM"
"FP","COOP CITY SDA CHURCH FOOD PANTRY","1010 BAYCHESTER AVENUE","Bronx",10475,"WED","1,2,3,4","5-7PM"
"FP","CENTER OF HOPE INTERNATIONAL","38-49 12TH STREET (L.I.C.)","Queen",11101,"TUE, THUR,WED",NA,"12-3PM/11AM-2PM"
"FP","CITY HARVEST MOBILE MARKET - QUEENSBRIDGE HOUSES","10-25 41ST AVENUE","Queen",11101,"WED, SAT","3","9:30-11:30AM"
"FP","EVANGEL FOOD PANTRY","39-21 CRESCENT STREET (LIC)","Queen",11101,"TUES,WED,THUR,FRI,SAT",NA,"9AM-3PM/9-12PM"
"FP","IGLESIA ALIANZA MISIONERA EBENEZER","43-02 38TH STREET (L.I.C.)","Queen",11101,"SAT",NA,"8AM-1PM"
"FP","ST. RAPHAEL CHURCH FOOD PANTRY","35-20 GREENPOINT AVE, LIC","Queen",11101,"THUR,SAT",NA,"10:3A-12P/1:3-3P"
"FP","CITY HARVEST - ASTORIA MOBILE MARKET","7-1 ASTORIA BLVD","Queen",11102,"THUR,SAT","1","9:30-11:30AM"
"FP","THE SALVATION ARMY ASTORIA CORPS","45-18 BROADWAY","Queen",11103,"TUE,THUR",NA,"10AM-2PM"
"FP","HOUR CHILDREN COMMUNITY OUTREACH","36-49 11TH STREET (LIC)","Queen",11106,"MON,THUR,TUE",NA,"2-4PM/10:30AM-12:30PM"
"FP","SAGE CENTER BROOKLYN (LOVE WINS FOOD PANTRY)","271 MYRTLE AVENUE (STONEWALL HOUSE)","Brooklyn",11201,"THUR","4","12-2PM"
"FP","VINEGAR HILL FOOD PANTRY","228 YORK STREET","Brooklyn",11201,"TUE","2,4","12-1PM"
"FP","BEYOND WALLS, INC","188 EAST 53RD STREET","Brooklyn",11203,"TUE",NA,"1:30-3PM"
"SK","BROOKLYN FAITH SDA CHURCH","5518 CHURCH AVENUE","Brooklyn",11203,"FRI",NA,"12-3PM"
"FP","BROOKLYN FAITH SEVENTH DAY ADVENTIST CHURCH","5518 CHURCH AVENUE","Brooklyn",11203,"THUR",NA,"1-4PM"
"FP","CHRISTIAN FELLOWSHIP SEVENTH DAY ADVENTIST COMMUNITY SVCS-F.P.","777 SCHENECTADY AVENUE","Brooklyn",11203,"WED","1,2,3,4","10:30AM-12:30PM"
"SK","CHRISTIAN FELLOWSHIP SEVENTH DAY ADVENTIST COMMUNITY SVCS-S.K.","777 SCHENECTADY AVENUE","Brooklyn",11203,"MON,TUE,WED",NA,"5-6PM"
"FP","ELITE LEARNERS, INC","4517 AVENUE D","Brooklyn",11203,"THUR",NA,"10AM-12PM"
"FP","GOD'S BATTALION OF PRAYER CHURCH","661 LINDEN BOULEVARD","Brooklyn",11203,"TUE,THUR",NA,"9AM-12PM"
"FP","MOUNT CARMEL WORSHIP AND OUTREACH CENTER","784 EAST 46TH STREET","Brooklyn",11203,"MON",NA,"12-2PM"
"FP","MUNA SOCIAL SERVICE EAST FLATBUSH","167 EAST 43RD STREET","Brooklyn",11203,"MON","2,4","5-6PM"
"FP","PENIEL SEVENTH DAY ADVENTIST CHURCH","1210 UTICA AVENUE","Brooklyn",11203,"FRI",NA,"10AM-12PM"
"FP","SHALOM SENIOR CENTER","483 ALBANY AVE","Brooklyn",11203,"MON,TUES,WED,THUR,FRI",NA,"12-1PM"
"FP","ST. THERESE OF LISIEUX R.C. CHURCH","4410 AVENUE D","Brooklyn",11203,"TUE",NA,"10:30AM-12:30PM"
"FP","THE CITY OF GRACE INC","3402 TILDEN AVENUE","Brooklyn",11203,"TUE",NA,"11AM-1PM"
"SK","UNITED COMMUNITY BAPTIST CHURCH","545 UTICA AVENUE","Brooklyn",11203,"SAT",NA,"10AM-12PM"
"FP","PAYO MOBILE FOOD PANTRY","2483 65TH STREET","Brooklyn",11204,"FRI",NA,"1:30-2:30PM"
"FP","REACHING-OUT COMMUNITY SERVICES INC","6417 18TH AVENUE","Brooklyn",11204,"MON,TUES,WED,THUR,FRI",NA,"9AM-5PM"
"FP","ST. ATHANASIUS R.C. CHURCH FP","2154 61ST STREET","Brooklyn",11204,"MON",NA,"3:15-5PM"
"FP","CELESTIAL CHURCH OF CHRIST ILERI PARISH","138 WAVERLY AVENUE","Brooklyn",11205,"SAT","2","12-3PM"
"FP","CITY HARVEST - BED-STUY MOBILE MARKET","736 PARK AVENUE","Brooklyn",11206,"WED,SAT","1","9:30-11:30AM"
"FP","COMPASSION HOUSE COMMUNITY DEVELOPMENT CORPORATION","43 GEORGE STREET","Brooklyn",11206,"THUR","1,3","9-11:30AM"
"FP","SANTANA & VARGAS CHARITIES, INC","576 WILLOUGHBY AVENUE","Brooklyn",11206,"MON,TUES,WED,SAT,SUN",NA,"10AM-12:3P/12-3P/3-5P"
"FP","SOLID ROCK BAPTIST CHURCH","120 TOMPKINS AVE","Brooklyn",11206,"MON,THUR",NA,"9AM-12PM"
"FP","ST. STEPHEN OUTREACH COMMUNITY DEVELOPMENT CORPORATION","874 MYRTLE AVENUE","Brooklyn",11206,"WED,FRI",NA,"9-10:30AM"
"SK","ST. STEPHEN OUTREACH COMMUNITY DEVELOPMENT CORPORATION","874 MYRTLE AVENUE","Brooklyn",11206,"WED,THUR,FRI",NA,"11AM-1PM"
"FP","TRINITY HUMAN SERVICE CORPORATION","153 A JOHNSON AVENUE","Brooklyn",11206,"TUES,WED,THUR,FRI",NA,"9AM-12PM&1-4PM"
"FP","BETHLEM NATION'S FOOD PANTRY","1962-84 LINDEN BLVD","Brooklyn",11207,"SAT","4 ONLY","10AM-12PM"
"FP","CHRISTIAN CULTURAL CENTER","12020 FLATLANDS AVENUE","Brooklyn",11207,"THUR",NA,"9AM-3PM"
"FP","CHURCH OF GOD PROPHECY","71 MALTA STREET","Brooklyn",11207,"TUE","2,4","3:30-6PM"
"SK","CHURCH OF GOD PROPHECY","71 MALTA STREET","Brooklyn",11207,"TUE","2,4","3:30-6PM"
"FP","CORNERSTONE SEVENTH DAY ADVENTIST CHURCH","138 PENNSYLVANIA AVE","Brooklyn",11207,"THUR",NA,"10AM-12PM"
"SK","CORNERSTONE SEVENTH DAY ADVENTIST CHURCH","138 PENNSYLVANIA AVE","Brooklyn",11207,"SUN",NA,"11:30AM-1:30PM"
"FP","EAST NEW YORK WESLEYAN CHURCH/NEW HOPE FAMILY WORSHIP CENT","817 LIVONIA AVENUE","Brooklyn",11207,"SAT",NA,"11AM - 1PM"
"FP","FAMILY SERVICE NETWORK OF N.Y. INC","1420 BUSHWICK AVENUE","Brooklyn",11207,"MON,WED",NA,"9AM-1PM"
"FP","HOPE EMPOWERMENT AND DEVELOPMENT ZONE FOOD PANTRY","369 NEW LOTS AVENUE","Brooklyn",11207,"SAT","3","12-4PM"
"FP","HOUSE OF DAVID WORSHIP CENTER","747-749-HENDRIX STREET","Brooklyn",11207,"WED",NA,"10:30AM-12:30PM"
"FP","ICL AND CHN FOOD PANTRY","2581 ATLANTIC AVENUE","Brooklyn",11207,"WED",NA,"10AM-1PM"
"FP","MUNA SOCIAL SERVICE AN-NAMIRAH","2135 PITKIN AVENUE","Brooklyn",11207,"MON","1,3","2-3PM"
"FP","MYLAH'S ORGANIZATION INC","509 VAN SICLEN AVENUE","Brooklyn",11207,"TUE","2,4","9-11AM"
"FP","BLESSED SACRAMENT CHURCH (BKLYN)","198 EUCLID AVENUE","Brooklyn",11208,"WED",NA,"9:30-11:30AM"
"FP","CITY OF REFUGE FP","1115 BLAKE AVENUE","Brooklyn",11208,"WED",NA,"9:30AM-12PM"
"FP","EAST NEW YORK SEVENTH DAY ADVENTIST CHURCH","511 ELTON STREET","Brooklyn",11208,"THUR","2,4","11AM-2PM"
"FP","ISAIAH'S TEMPLE OF MT. HOPE","862 GLENMORE AVE","Brooklyn",11208,"THUR",NA,"2-4PM"
"SK","ISAIAH'S TEMPLE OF MT. HOPE","862 GLENMORE AVE","Brooklyn",11208,"TUE,THUR",NA,"2-4PM"
"FP","LAS MARAVILLAS DEL EXODO","302 ELTON STREET","Brooklyn",11208,"WED",NA,"9-11AM"
"FP","MUNA SOCIAL SERVICE INC","1033 GLENMORE AVENUE","Brooklyn",11208,"WED",NA,"3-5PM"
"FP","OPEN DOOR TO HEAVEN OUTREACH MINISTRY INC","474 SHEPHERD AVENUE","Brooklyn",11208,"SAT","3","1-2PM"
"FP","PRESBYTERIAN CHURCH OF THE CROSSROADS","133 ELTON STREET","Brooklyn",11208,"WED","2,4","10AM-12PM"
"FP","SECOND ST. PAUL CHURCH OF CHRIST, DISCIPLE OF CHRIST, INC","1048 SUTTER AVE","Brooklyn",11208,"SAT","2,4","8-10AM"
"FP","YMCA COMMUNITY MARKET-NORTH BROOKLYN YMCA","570 JAMAICA AVENUE","Brooklyn",11208,"TUE","1,3","12-5PM"
"FP","BRCDC FOOD PROGRAM","9818 FORT HAMILITON PARKWAY","Brooklyn",11209,"SAT",NA,"11AM-2PM"
"FP","OUR LADY OF ANGELS HUMAN SERVICES","336 73RD STREET","Brooklyn",11209,"WED",NA,"9:30AM-12PM&1:30-3PM"
"FP","ADMIRABLE CHURCH INC","1910 FLATBUSH AVENUE","Brooklyn",11210,"SAT","4","10AM-12PM"
"FP","COMMUNITY CARE FOOD PANTRY","1387 EAST 37TH STREET","Brooklyn",11210,"SAT",NA,"11AM-2:30PM"
"FP","EVANGELICAL CRUSADE FOOD PANTRY","557 EAST 31ST STREET","Brooklyn",11210,"WED","2,4","2-4PM"
"FP","LIFEBRIDGE NY","1895 FLATBUSH AVENUE","Brooklyn",11210,"WED",NA,"5-7PM"
"FP","OUR LADY OF REFUGE R.C. CHURCH","2020 FOSTER AVE.","Brooklyn",11210,"WED",NA,"10AM - 1PM"
"FP","TREASURES IN EARTHEN JARS FOOD PANTRY","4124 AVENUE H","Brooklyn",11210,"SAT",NA,"1-3PM"
"FP","SOUTHSIDE UNITED H.D.F.C., INC - LOS SURES","145 SOUTH 3RD STREET","Brooklyn",11211,"TUE",NA,"9AM-12PM"
"FP","TRANSFIGURATION CHURCH","263 & 280 MARCY AVENUE","Brooklyn",11211,"TUE, WED",NA,"9AM-12PM"
"FP","BETHANY GOSPEL CHAPEL INC","521 THOMAS S. BOYLAND STREET","Brooklyn",11212,"SAT","2,4","6:30-7:30AM"
"FP","BROWNSVILLE TEMPLE SEVENTH DAY ADVENTIST CHURCH","1089 CLARKSON AVE","Brooklyn",11212,"SUN","1,3","11AM-1PM"
"FP","CHURCH OF GOD INC.","1011 WINTHROP STREET","Brooklyn",11212,"SAT",NA,"12-1PM"
"FP","EBENEZER SEVENTH DAY ADVENTIST CHURCH","1234 EAST NEW YORK AVENUE","Brooklyn",11212,"WED",NA,"10:30AM-12PM"
"FP","HOPE CENTER DEVELOPMENT CORPORATION","414 EAST 95TH STREET","Brooklyn",11212,"SAT","1,2,3,4","11AM-1:30PM"
"SK","HOPE CENTER DEVELOPMENT CORPORATION","409 EAST 95TH STREET","Brooklyn",11212,"SAT","1,2,3,4","11AM-1:30PM"
"FP","LITTLE JERUSALEM HOUSE OF PRAYER","447 HERZL STREET","Brooklyn",11212,"SAT","2,4","1-2PM"
"FP","MT. HEBRON CHURCH OF CHRIST","167 CHESTER STREET","Brooklyn",11212,"SAT",NA,"9-10:30AM"
"FP","NEW LIFE SEVENTH DAY ADVENTIST CHURCH","885-87 THOMAS BOYLAND STREET","Brooklyn",11212,"MON,TUE,SUN",NA,"5-7PM/6-8PM/8-10AM"
"FP","OUR LADY OF MERCY CHURCH","680 MOTHER GASTON BLVD.","Brooklyn",11212,"MON,FRI",NA,"9-11AM"
"FP","PEOPLES BAPTIST CHURCH","105 RIVERDALE AVENUE","Brooklyn",11212,"SAT","2,4","12-2PM"
"FP","URBAN STRATEGIES INC","61-71 RIVERDALE AVENUE","Brooklyn",11212,"TUE",NA,"8-10AM"
"FP","WORLD FOR CHRIST FOOD SERVICES","1091 CLARKSON AVENUE","Brooklyn",11212,"SAT(2,4)",NA,"10AM-12PM"
"SK","BETHANY UNITED METHODIST CHURCH","1208 ST. JOHN'S PLACE","Brooklyn",11213,"TUE, THUR","1","12:30-2:30PM/ 5-7PM"
"FP","BETTER COMMUNITY FOOD PANTRY","218 BUFFALO AVENUE","Brooklyn",11213,"SAT",NA,"9AM-1PM"
"FP","CROWN HEIGHTS JEWISH COMMUNITY COUNCIL","899 MONTGOMERY STREET","Brooklyn",11213,"WED",NA,"1:30-3PM"
"FP","NAT'L COMM. FOR FUTH. OF JEWISH ED.(UC)","824 EASTERN PARKWAY","Brooklyn",11213,"FRI",NA,"12-1PM"
"FP","THE CHURCH OF ST. MARK","1417 UNION STREET","Brooklyn",11213,"FRI","1,2,3,4","11:30AM-1:30PM"
"FP","BENSONHURST COUNCIL OF JEWISH ORGANIZATIONS","8635 21ST AVE","Brooklyn",11214,"TUE",NA,"10AM-4PM"
"FP","HEALTH ESSENTIAL ASSOCIATION CPMM","2336 86TH STREET","Brooklyn",11214,"THUR","1,3","10AM-12PM"
"FP","WE CREATE COMMUNITY FOOD PANTRY","8501 NEW UTRECHT AVENUE","Brooklyn",11214,"THUR",NA,"10:30-11:30AM"
"FP","AL-MADINAH SCHOOL INC","383 3RD AVENUE","Brooklyn",11215,"FRI","3","12:30-2:30PM"
"FP","CAMP FRIENDSHIP FOOD PANTRY IN PARK SLOPE","339 8TH STREET","Brooklyn",11215,"SAT",NA,"9AM-12PM"
"FP","BEDFORD CENTRAL PRESBYTERIAN CHURCH","1200 DEAN STREET","Brooklyn",11216,"THUR","2,4","10:30AM-2:30PM"
"FP","BEULAH CHURCH OF GOD IN CHRIST JESUS","956 MARCY AVENUE","Brooklyn",11216,"TUE,THUR",NA,"10:30AM-1PM"
"FP","FAMILY LIFE DEVELOPMENT CENTER","1476 BEDFORD AVENUE","Brooklyn",11216,"MON",NA,"4-6PM"
"FP","HEBRON SEVENTH DAY ADVENTIST CHURCH","1256 DEAN STREET","Brooklyn",11216,"WED","1,3","9-10:30AM"
"SK","HEBRON SEVENTH DAY ADVENTIST CHURCH","1256 DEAN STREET","Brooklyn",11216,"SUN",NA,"12:30-2PM"
"FP","MUNA SOCIAL SERVICE DOWNTOWN BROOKLYN","50 NEW YORK AVENUE","Brooklyn",11216,"MON","1,3","4-5PM"
"SK","NEWMAN MEMORIAL UNITED CHURCH COMMUNITY DEVELOPMENT CORP.","257 MACON STREET","Brooklyn",11216,"SAT",NA,"10AM-2PM"
"FP","NEWMAN MEMORIAL UNITED METHODIST CHURCH COMMUNITY DEVELOPM","257 MACON STREET","Brooklyn",11216,"SAT",NA,"10AM-2PM"
"FP","SILOAM PRESBYTERIAN CHURCH FOOD PANTRY","260 JEFFERSON AVENUE","Brooklyn",11216,"WED",NA,"10AM-12PM"
"SK","ST. GEORGE'S EPISCOPAL CHURCH","800 MARCY AVENUE","Brooklyn",11216,"TUES,WED,THUR",NA,"12:30-2PM"
"FP","ST. GEORGE'S EPISCOPAL CHURCH FOOD PANTRY","800 MARCY AVENUE","Brooklyn",11216,"FRI",NA,"10AM-3PM"
"FP","THE SALVATION ARMY BEDFORD TEMPLE CORPS","601 LAFAYETTE AVENUE","Brooklyn",11216,"WED",NA,"10AM-12PM"
"FP","THE TEMPLE OF RESTORATION TTOR FOOD PANTRY","18 HERKIMER PLACE","Brooklyn",11216,"THUR,THUR,SAT",NA,"10AM-4PM/10AM-1PM"
"FP","COMMUNITY HELP IN PARK SLOPE","200 FOURTH AVENUE","Brooklyn",11217,"THUR,SAT",NA,"11:30AM-1PM"
"SK","COMMUNITY HELP IN PARK SLOPE INC","200 FOURTH AVENUE","Brooklyn",11217,"MON,TUES,WED,THUR,FRI,SAT",NA,"9-10:30AM & 11:30AM-1PM"
"FP","HANSON PLACE SEVENTH DAY ADVENTIST CHURCH","88 HANSON PLACE","Brooklyn",11217,"THUR",NA,"1:30-5PM"
"FP","IMMANUEL FIRST SPANISH UNITED METHODIST CHURCH","424 DEAN STREET","Brooklyn",11217,"TUE",NA,"1-2:45PM"
"FP","NEXT STEP COMMUNITY CHURCH","360 SCHERMERHORN STREET","Brooklyn",11217,"SAT","2,3,4","9-10:30AM"
"SK","NEXT STEP COMMUNITY CHURCH","360 SCHERMERHORN STREET","Brooklyn",11217,"MON,TUE,WED",NA,"9-10AM"
"FP","SOUTH BKLYN SEVENTH DAY ADVENTIST CHURCH COMMUNITY SERVICE P","42 PROSPECT PLACE","Brooklyn",11217,"SUN","1,3","11AM-2PM"
"FP","CHRIST APOSTOLIC CHURCH GOKE FOOD PANTRY","622 CORTELYOU ROAD","Brooklyn",11218,"TUE,SAT","2,4","2-4PM/9AM-1PM"
"FP","MUNA SOCIAL SERVICE BROOKLYN ISLAMIC CENTER","722 CHURCH AVENUE","Brooklyn",11218,"MON","2,4","3-4PM"
"FP","PASWO (PAKISTANI AMERICAN SKILLED WOMEN ORGANIZATION, INC)","930 DITMAS AVENUE","Brooklyn",11218,"WED",NA,"1-3PM"
"FP","TOMCHE SHABBOS OF BORO PARK","6225 NEW UTRECHT AVE","Brooklyn",11219,"WED",NA,"3-5PM"
"FP","ZICHRON ACHEINU LEVY-MENACHEM TZION","4518 11TH AVENUE","Brooklyn",11219,"WED",NA,"10-11AM"
"FP","ACADEMY OF MEDICAL & PUBLIC HEALTH SERVICES (AMPHS)","5306 3RD AVENUE - 2ND FL","Brooklyn",11220,"SAT","1,3","2-4PM"
"FP","MUSLIMS GIVE BACK","273 54TH STREET","Brooklyn",11220,"SAT",NA,"10AM-12PM"
"FP","THE SALVATION ARMY SUNSET PARK CORPS","520 50TH STREET","Brooklyn",11220,"TUE,WED,THUR",NA,"10AM-12PM"
"SK","THE SALVATION ARMY SUNSET PARK CORPS","520 50TH STREET","Brooklyn",11220,"TUES,WED,THUR",NA,"12:30-1:30PM"
"FP","THE TABLE AT THE FAMILY SUPPORT CENTER AT NYU LANGONE","550 59TH STREET","Brooklyn",11220,"FRI",NA,"9AM-12PM"
"FP","COLLECTIVE FOCUS FOOD JUSTICE PANTRY PROGRAM","1046 BROADWAY","Brooklyn",11221,"TUE",NA,"1-3PM"
"FP","FAITH CENTER FOR HUMAN SERVICES, INC","1014-18 GATES AVENUE","Brooklyn",11221,"SAT",NA,"9:30AM-12PM"
"SK","FAITH CENTER FOR HUMAN SERVICES, INC","1014-18 GATES AVENUE","Brooklyn",11221,"SAT",NA,"9:30AM-12PM"
"FP","METRO MINISTRIES INTERNATIONAL","871 BUSHWICH AVENUE","Brooklyn",11221,"SAT","1,3","10:30AM-12PM"
"FP","NORTHEAST BROOKLYN HOUSING DEVELOPMENT CORPORATION","376 THROOP AVENUE","Brooklyn",11221,"TUE,THUR,SAT","3","9AM-12PM/10AM-12PM"
"FP","OPEN DOOR FAMILY LIFE CENTER INC","999 GREEN AVENUE","Brooklyn",11221,"SAT",NA,"8:30-10:30AM"
"FP","ST. JOHN'S BREAD & LIFE FOOD PANTRY","795 LEXINGTON AVE","Brooklyn",11221,"MON,TUES,WED,THUR",NA,"8AM-1PM"
"SK","ST. JOHN'S BREAD & LIFE PROGRAM","795 LEXINGTON AVE","Brooklyn",11221,"MON,TUES,WED,THUR",NA,"10AM-12PM"
"FP","THE SALVATION ARMY BUSHWICK CORPS","1151 BUSHWICK AVENUE","Brooklyn",11221,"MON,TUE,THUR",NA,"10AM-12:30PM"
"SK","THE SALVATION ARMY BUSHWICK CORPS","1151 BUSHWICK AVENUE","Brooklyn",11221,"MON,TUE,THUR,FRI",NA,"12:30-2PM"
"FP","THURSTON MEMORIAL OUTREACH MINISTRIES","1243 BUSHWICK AVE","Brooklyn",11221,"FRI",NA,"2-4:30PM"
"FP","GREENPOINT REFORMED CHURCH FOOD PANTRY","136 MILTON STREET","Brooklyn",11222,"THUR",NA,"4-7PM"
"FP","OUR LADY OF GRACE PARISH MINISTRY","2322 EAST 4TH STREET","Brooklyn",11223,"MON,WED,THUR",NA,"9-11:30AM"
"SK","OUR LADY OF GRACE PARISH MINISTRY","3162 BRIGHTON 4TH STREET","Brooklyn",11223,"WED",NA,"12-12:30PM"
"FP","SALT & SEA MISSION CHURCH INC.","2417-2419 STILLWELL AVE","Brooklyn",11223,"TUE,THUR,SUN",NA,"10:30AM-12:45PM"
"FP","SEPHARDIC BIKUR HOLIM FOOD PANTRY","425 KINGS HIGHWAY","Brooklyn",11223,"MON,TUE,WED,THUR,FRI,TUE,THUR",NA,"9A-12:30P/9-11A/2-3:30P"
"FP","ACTS COMMUNITY DEVELOPMENT CORPORATION","2114 MERMAID AVE","Brooklyn",11224,"TUE,THUR",NA,"6-7:15M/11AM-2:15PM"
"SK","ACTS COMMUNITY DEVELOPMENT CORPORATION","2114 MERMAID AVE","Brooklyn",11224,"WED,FRI",NA,"6-7:15PM"
"FP","CATHOLIC CHARITIES","2866 WEST 17TH STREET","Brooklyn",11224,"MON",NA,"9:30AM-1:30PM"
"FP","KINGDOM GLOBAL MISSIONS","2945 WEST 33RD STREET","Brooklyn",11224,"SAT","1,3","12-3PM"
"FP","CHANCE FOR CHILDREN","11 McKEEVER PLACE - 1ST FLOOR (BASEMENT LEVEL)","Brooklyn",11225,"FRI",NA,"10AM-12:30PM"
"FP","GETHSEMANE SEVENTH DAY ADVENTIST CHURCH","357 EMPIRE BLVD","Brooklyn",11225,"SUN,WED",NA,"12-1PM/5-6PM"
"FP","HOREB SEVENTH DAY ADVENTIST COMMUNITY SERVICES","520 KINGSTON AVE","Brooklyn",11225,"TUE",NA,"10-11AM"
"FP","LADIES IN WAITING","276 FENIMORE STREET","Brooklyn",11225,"TUE",NA,"10AM-1PM"
"FP","SANCTIFIED CHURCH OF GOD, INC/COMMUNITY FEEDING PROGRAM","404 LEFFERTS AVE","Brooklyn",11225,"SAT",NA,"12-1PM"
"FP","BETHANIE FRENCH SEVENTH DAY ADVENTIST CHURCH","2059 BEDFORD AVENUE","Brooklyn",11226,"THUR","1,3","10AM-12PM"
"FP","CALVARY PENTECOSTAL CHURCH","151 WOODRUFF AVENUE","Brooklyn",11226,"THUR",NA,"10AM-12PM"
"FP","CHURCH OF GOD OF SALVATION","1615 NOSTRAND AVE","Brooklyn",11226,"WED,THUR",NA,"2-4PM/10AM-4PM"
"FP","EMMAUS SEVENTH DAY ADVENTIST CHURCH","1144 FLATBUSH AVENUE","Brooklyn",11226,"TUE",NA,"12:30-2PM"
"FP","FERNANDE VALME' MINISTRIES INC","1120 FLATBUSH AVE","Brooklyn",11226,"THUR",NA,"10-11AM"
"FP","FLATBUSH SEVENTH DAY ADVENTIST CHURCH","261 EAST 21ST STREET","Brooklyn",11226,"MON",NA,"11AM-1PM"
"FP","GOSHEN TEMPLE OF SEVENTH DAY ADVENTIST CHURCH","2414 CHURCH AVENUE","Brooklyn",11226,"WED",NA,"1-3PM"
"FP","HOLY CROSS FOOD PANTRY - BROOKLYN","2530 CHURCH AVENUE","Brooklyn",11226,"TUE,THUR",NA,"2-3:30PM"
"FP","PENIEL HAITIAN CHURCH OF C AND MA","2741 ALBEMARLE ROAD","Brooklyn",11226,"SAT,SAT","2","10AM-12PM/1-3PM"
"FP","ST. MARK'S UNITED METHODIST CHURCH","2017 BEVERLEY ROAD","Brooklyn",11226,"FRI",NA,"12-3PM"
"FP","HEALTH ESSENTIAL ASSOCIATION INC","2101 EAST 16TH STREET - 2ND FLOOR","Brooklyn",11229,"FRI","4","10AM-12PM"
"FP","KINGS BAY Y FOOD PANTRY","3495 NOSTRAND AVENUE","Brooklyn",11229,"FRI","2","9:30-11AM"
"FP","BROOKLYN MEAL SHARE","1323 FOSTER AVENUE","Brooklyn",11230,"SAT",NA,"5-7PM"
"FP","COPO FOOD PANTRY","1077 CONEY ISLAND AVENUE","Brooklyn",11230,"FRI",NA,"10:30AM-4:30PM"
"FP","ICNA RELIEF QUBA PANTRY","634 RUGBY ROAD","Brooklyn",11230,"TUE",NA,"1-3PM"
"FP","MASBIA OF FLATBUSH","1372 CONEY ISLAND AVE","Brooklyn",11230,"MON,TUES,WED,THUR",NA,"11AM-7PM"
"SK","MASBIA OF FLATBUSH","1372 CONEY ISLAND AVE","Brooklyn",11230,"MON,TUES,WED,THUR",NA,"3-7PM"
"FP","PAYO FOOD PANTRY","1045 CONEY ISLAND AVENUE","Brooklyn",11230,"THUR",NA,"3-5PM"
"FP","FOOD FIRST, INC","165 CONOVER STREET","Brooklyn",11231,"WED,FRI",NA,"11AM-1PM/10AM-12PM"
"FP","MOVEMENT OF PENTECOSTAL CHRISTIAN CHURCH","90-92 SUMMIT STREET","Brooklyn",11231,"SUN",NA,"12:30-2PM"
"FP","RED HOOK COMMUNITY - REDEMPTION CHURCH","27 HUNTINGTON STREET","Brooklyn",11231,"THUR",NA,"10AM-12PM"
"FP","CENTER FOR FAMILY LIFE","443 39TH STREET","Brooklyn",11232,"TUE, WED, THUR",NA,"1-4PM"
"FP","BLESSED ASSURANCE CHURCH OF GOD BLESSED ASSURANCE CHARITY IN","2093 FULTON STREET","Brooklyn",11233,"SAT",NA,"9-11AM"
"FP","BROOKLYN RESCUE MISSION URBAN HARVEST CENTER INC","426 DECATUR STREET","Brooklyn",11233,"TUE,WED",NA,"10-11:30AM"
"FP","CHURCH OF PRAISE AND WORSHIP GOD IN CHRIST","526 RALPH AVENUE","Brooklyn",11233,"SAT",NA,"10AM-1PM"
"FP","COMMUNITY SERVICES HOUSING DEVELOPMENT CORP.","547 HOWARD AVE","Brooklyn",11233,"THUR",NA,"10AM-12PM"
"FP","GLOVER MEMORIAL BREAD OF LIFE FOOD PANTRY","2134 DEAN STREET","Brooklyn",11233,"WED",NA,"12-2PM"
"FP","GOD'S DELIVERANCE TEMPLE, INC","438 RALPH AVENUE","Brooklyn",11233,"TUE",NA,"11AM-12PM"
"SK","NEIGHBORS TOGETHER","2094 FULTON STREET","Brooklyn",11233,"MON,TUES,WED,THUR,FRI,MON,TUES,WED,THUR",NA,"12-2PM/4-6PM"
"SK","OPIN (OTHER PEOPLE IN NEED)","1768 ST. JOHNS PLACE","Brooklyn",11233,"FRI",NA,"2-4PM"
"FP","ST. PAUL PENTECOSTAL CHURCH","133 THOMAS S BOYLAND STREET","Brooklyn",11233,"SAT",NA,"11AM - 1PM"
"FP","ST. PHILIP'S EPISCOPAL/ST. BENEDICT'S PANTRY","265 DECATUR STREET","Brooklyn",11233,"WED",NA,"11AM-1PM"
"FP","TRUE HOLY CHURCH OF GOD IN CHRIST JESUS","2364 ATLANTIC AVENUE","Brooklyn",11233,"SAT",NA,"10AM-12PM"
"FP","BNAI RAPHAEL CHESED ORGANIZATION INC","3846 FLATLANDS AVENUE","Brooklyn",11234,"MON,TUE,WED,THU,FRI,SUN",NA,"10A-3:3P/10A-5P/APPT ONLY"
"FP","FLATBUSH COMMUNITY FUND","1968 FLATBUSH AVENUE","Brooklyn",11234,"THUR",NA,"12-2PM"
"FP","GRANT HOUSE UNITY CORPORATION","2046 FLATBUSH AVENUE","Brooklyn",11234,"WED,THU",NA,"11AM-4PM"
"FP","MAMRE ENRICHMENT PROGRAM","1623 UTICA AVENUE","Brooklyn",11234,"SUN","1","10AM-12PM"
"FP","METROPOLITAN COUNCIL ON JEWISH POVERTY","5361 PRESTON COURT","Brooklyn",11234,"TUE,THUR",NA,"3-5PM"
"FP","APNA FOOD PANTRY BRIGHTON BEACH","225 NEPTUNE AVENUE","Brooklyn",11235,"WED",NA,"2-3PM"
"FP","CHABAD - OCEANVIEW JEWISH CENTER","3100 BRIGHTON 4TH STREET","Brooklyn",11235,"MON","1","10-11AM"
"FP","ICNA RELIEF USA FOOD PANTRY","273 NEPTUNE AVENUE","Brooklyn",11235,"MON",NA,"12-1PM"
"FP","BAY VIEW HOUSES RESIDENT ASSOCIATION","2085 ROCKAWAY PARKWAY","Brooklyn",11236,"THUR","1,2,3","9:30AM-1:30PM"
"FP","CHILDREN OF THE LIGHT INTERNATIONAL MINISTRIES INC","1171 EAST 95TH STREET","Brooklyn",11236,"MON,WED,FRI,SAT",NA,"10AM-3PM"
"FP","CHURCH OF GOD (BK)","627-29 REMSEN AVE","Brooklyn",11236,"SAT",NA,"12-2:30PM"
"FP","HEBREW EDUCATIONAL SOCIETY","9502 SEAVIEW AVENUE","Brooklyn",11236,"MON,WED,THUR,TUE,SUN",NA,"9A-2P/1-6PM/12-2PM"
"FP","INTERNATIONAL PENTECOSTAL CITY MISSION","9202-14 CHURCH AVE","Brooklyn",11236,"SAT",NA,"11AM-1PM"
"FP","OUR LADY OF MIRACLES-CANARSIE CLUSTER CENTER","757 EAST 86TH STREET","Brooklyn",11236,"SAT",NA,"10-11:30AM"
"FP","REDEEMED CHRISTIAN CHURCH OF GOD INTERNATIONAL CHAPEL","781 EAST 93RD STREET","Brooklyn",11236,"SAT",NA,"12-2PM"
"FP","CCC NEW YORK PARISH FOOD PANTRY OUTREACH PROGRAM","1380 JEFFERSON AVENUE","Brooklyn",11237,"SAT",NA,"10AM-2PM"
"FP","MAKE THE ROAD NEW YORK","301 GROVE STREET","Brooklyn",11237,"FRI",NA,"8-11AM"
"SK","BETHEL SEVENTH DAY ADVENTIST CHURCH","457 GRAND AVENUE","Brooklyn",11238,"SUN",NA,"1-2PM"
"FP","CHILD DEVELOPMENT SUPPORT CORPORATION","352-358 CLASSON AVE","Brooklyn",11238,"THUR",NA,"11AM-3PM"
"FP","CHURCH OF GOD FEEDING THE HUNGRY","836 CLASSON AVE","Brooklyn",11238,"THUR",NA,"10AM-12PM"
"FP","ST. TERESA OF AVILA","560 STERLING PLACE","Brooklyn",11238,"THUR","1,2,3,4","8-11AM"
"FP","JEWISH COMMUNITY COUNCIL OF CANARSIE   #1","1170 PENNSYLVANIA AVE","Brooklyn",11239,"WED",NA,"9:30-11:30AM"
"FP","SISTERS WITH PURPOSE INC","1540 VAN SICLEN AVE","Brooklyn",11239,"SAT",NA,"9-10AM"
"FP","FOOD SHARING WITH OUR NEIGHBORS PROGRAMS","3824 149TH STREET (FLUSHING)","Queen",11354,"THUR",NA,"10AM-12PM"
"FP","ICNA FLUSHING FOOD PANTRY","140-32 CHERRY AVENUE","Queen",11355,"WED",NA,"12-2PM"
"FP","SOUTH ASIAN COUNCIL FOR SOCIAL SERVICES","143-02 45TH AVENUE","Queen",11355,"WED,THUR",NA,"9:30AM-1PM"
"FP","NEW  BEGINNINGS FOOD PANTRY","242-01 BRADDOCK AVENUE (BELLROSE)","Queen",11357,"TUE","2","10-11:30AM"
"FP","SAM FIELD Y","58-25 LITTLE NECK PKWY (LITTLE NECK)","Queen",11362,"MON,WED,THUR,TUE,FRI",NA,"9A-2P/11A-2P/9A-12P"
"FP","CHAZAQ","141-47 72ND AVENUE (FLUSHING)","Queen",11367,"TUE",NA,"2:30-5PM"
"FP","KEHILAT SEPHARDIM OF AHAVAT ACHIM","150-62 78TH ROAD (FLUSHING)","Queen",11367,"MON,WED,TUE,THUR",NA,"11AM-1PM/10AM-1PM"
"FP","CORONA SEVENTH DAY ADVENTIST CHURCH","35-30 103RD STREET","Queen",11368,"SUN",NA,"12-2PM"
"SK","CORONA SEVENTH DAY ADVENTIST CHURCH","35-30 103RD STREET","Queen",11368,"MON",NA,"9-11AM"
"FP","IGLESIA CRISTIANA EVANGELICA","3435 96TH STREET (CORONA)","Queen",11368,"SAT",NA,"11AM-12PM"
"FP","MT. OLIVET GOSPEL CHURCH","33-27 97TH STREET, CORONA","Queen",11368,"WED",NA,"5:30-6:30PM"
"FP","NORTHEAST CONFERENCE COMMUNITY CENTER SDA","99-13 NORTHERN BLVD","Queen",11368,"TUE,,WED",NA,"11AM-1PM/3-6PM"
"FP","BRIGADA DE ESPERANZA INC","89-07 ASTORIA BLVD","Queen",11369,"SAT",NA,"12-3PM"
"SK","FIRST BAPTIST CHURCH","100-10 ASTORIA BLVD (EAST ELMHURST)","Queen",11369,"WED",NA,"12-1:45PM"
"FP","FIRST BAPTIST CHURCH OF CORONA","100-10 ASTORIA BLVD (EAST ELMHURST)","Queen",11369,"SAT",NA,"12-3PM"
"FP","LOVE WINS FOOD PANTRY - MERCADITO SOLIDARIO","3763 83RD STREET - SUITE #1B (JACKSON HEIGHTS)","Queen",11372,"FRI","4","1-5PM"
"FP","MAKE THE ROAD NEW YORK","92-10 ROOSEVELT AVENUE","Queen",11372,"WED",NA,"8-10AM"
"FP","MUNA SOCIAL SERVICES - JACKSON HEIGHTS COMMUNITY FOOD BANK","35-35 71ST STREET (JACKSON HEIGHTS)","Queen",11372,"THUR","1,3","2-3PM"
"FP","ST. MARK AME CHURCH/THE VOICE OF HAGAR","95-18 NORTHERN BLVD","Queen",11372,"TUE","1,2,3,4","12-2:45PM"
"FP","THE SALVATION ARMY QUEENS TEMPLE CORP","86-07 35TH AVENUE","Queen",11372,"MON,TUES,WED,THUR,FRI",NA,"11:30AM-1PM"
"SK","THE SALVATION ARMY QUEENS TEMPLE CORP","86-07 35TH AVENUE","Queen",11372,"THUR",NA,"10-11AM"
"FP","BETHANY PANTRY","48-08 91ST PLACE (ELMHURST)","Queen",11373,"SAT",NA,"9-10AM"
"FP","EVANGELICAL CHURCH CHRIST IS THE LIGHT","89-16 48TH AVENUE (ELMHURST)","Queen",11373,"FRI",NA,"9-11AM"
"FP","MINISTERIO LA LUZ DE LA ESPERANZA PARA LAS NACIONES DE JESUCRIST","79-01 BROADWAY  (ELMHURST)","Queen",11373,"THUR",NA,"5-7PM"
"FP","ESTHER GRUNBLATT-CENTRAL QUEENS Y","67-09 108TH STREET","Queen",11375,"MON,WED,TUE,THUR,SUN",NA,"9A-2P&3:30-6:30P/9A-2P/10A-1:"
"FP","FOREST HILLS SENIORS CENTER","108-25 62ND DRIVE","Queen",11375,"THUR",NA,"8:30-10:30AM"
"FP","MASBIA OF QUEENS","105-47 64TH ROAD","Queen",11375,"MON,TUES,WED,THUR,FRI,SUN",NA,"11A-7P/10A-2P/3-7P"
"SK","MASBIA OF QUEENS","105-47 64TH ROAD","Queen",11375,"SUN - THUR",NA,"3-7PM"
"FP","QUEENS JEWISH COMMUNITY COUNCIL","119-45 UNION TURNPIKE (FOREST HILLS)","Queen",11375,"MON,TUES,WED,THUR",NA,"11AM-2PM"
"FP","AIDS CENTER OF QUEENS COUNTY","62-07 WOODSIDE AVENUE - LOBBY","Queen",11377,"TUE",NA,"10AM-12PM"
"FP","BVM/ST. MARY'S CHURCH WINFIELD","70-31 48TH AVE (WOODSIDE)","Queen",11377,"THUR",NA,"9:30AM-12PM"
"FP","CORPUS CHRISTI FOOD PANTRY","31-30 61ST STREET","Queen",11377,"WED",NA,"9-10:30AM"
"FP","SAINT TERESA CHURCH - SAINT VINCENT DePAUL SOCIETY","50-20 45TH STREET (WOODSIDE)","Queen",11377,"TUE",NA,"4-5:30PM"
"FP","YESHUA WORLDWIDE MINISTRIES FOOD PANTRY","7911 CALDWELL AVENUE (MIDDLE VILLAGE)","Queen",11379,"THUR,SAT",NA,"10AM-1PM"
"FP","AGAPE CHRISTIAN CENTER","59-02 SUMMERFIELD ST. RIDGEWOOD","Queen",11385,"SAT",NA,"10-11:30AM"
"FP","COMMUNITY ALLIANCE INITIATIVE","60-85 MYRTLE AVENUE","Queen",11385,"FRI","1","10AM -12PM"
"FP","MOUNT MORIAH SEVENTH DAY ADVENTIST CHURCH FP","1834 DECATUR STREET (RIDGEWOOD)","Queen",11385,"SAT","1,3","8:30-9:30AM"
"FP","THE LEGACY CENTER COMMUNITY DEVELOPMENT CORP","71-02 CYPRESS HILL STREET (GLENDALE)","Queen",11385,"THUR",NA,"9AM-1PM"
"FP","WOODBINE","585 WOODWARD AVENUE (RIDGEWOOD)","Queen",11385,"MON,WED",NA,"9:30-10AM"
"FP","MORIAH CITY COMMUNITY FOOD PANTRY","206-14 LINDEN BLVD (CAMBRIA HEIGHTS)","Queen",11411,"WED",NA,"3-5PM"
"FP","RCA CAMBRIA HEIGHTS COMMUNITY CHURCH FP","116-12 220 STREET (CAMBRIA HEIGHTS)","Queen",11411,"SAT","4","9-11AM"
"FP","FIRST CHURCH OF GOD IN CHRIST, INC.","187-10 BAISLEY BLVD","Queen",11412,"WED",NA,"12-3PM"
"FP","FRESH ANOINTING INTERNATIONAL CHARITIES (FAIC)","182-10 LIBERTY AVENUE","Queen",11412,"THUR",NA,"12-3PM"
"FP","GOSPEL ASSEMBLY - QUEENS","109-14 FARMERS BLVD","Queen",11412,"WED,THUR,FRI,SAT",NA,"10AM -12PM"
"FP","IN THE BEGINNING OUTREACH, INC","189-13 LIBERTY AVENUE (ST. ALBANS)","Queen",11412,"WED",NA,"12:30-2PM"
"FP","MAJORITY COMMUNITY OUTREACH","115-21 FARMERS BLVD","Queen",11412,"THUR",NA,"9-11AM"
"FP","SECOND CHANCE AGAPE WORSHIP CENTER","200-12 HOLLIS AVENUE","Queen",11412,"THUR",NA,"12-2PM"
"FP","ST. ALBANS BAPTIST CHURCH","196-20 119TH AVENUE (ST. ALBANS)","Queen",11412,"SAT","1,3","10AM-12PM"
"FP","WE CARE PANTRY","201-14 HOLLIS AVENUE","Queen",11412,"SAT","2,4","10:30AM-12:30PM"
"FP","WORSHIP CHRISTIAN CENTER INC","113-16 FARMERS BLVD","Queen",11412,"FRI,SAT",NA,"10AM-1PM"
"FP","HOLY TEMPLE CHURCH, INC","136-25 SPRINGFIELD BLVD","Queen",11413,"SAT",NA,"11AM-12PM"
"FP","JAMAICA QUEENS WESLEYAN CHURCH PANTRY","134-49 228TH STREET (LAURELTON)","Queen",11413,"SAT",NA,"12-1:30PM"
"FP","LEBANON SEVENTH DAY ADVENTIST CHURCH","131-72 223RD STREET","Queen",11413,"THUR",NA,"5-7PM"
"FP","LINDEN SEVENTH DAY ADVENTIST CHURCH COMMUNITY SERVICES","228-20 137TH AVENUE","Queen",11413,"SUN",NA,"10AM-12PM"
"FP","ONE WAY CHURCH OF CHRIST","216-11 MERRICK BLVD.","Queen",11413,"SAT",NA,"10AM-1PM"
"FP","VFW #5298","143-17 SPRINGFIELD BLVD","Queen",11413,"WED",NA,"2-5PM"
"FP","OUR LADY OF GRACE MINISTRY","158-10 101ST ST.- HOWARD BEACH","Queen",11414,"TUE",NA,"10:30AM-12PM"
"FP","PROJECT L.E.A.D.","85-12 126TH STREET (KEW GARDENS)","Queen",11415,"SUN",NA,"7:30-9:30AM"
"FP","THE OZONE PARK PANTRY","83-10 ROCKAWAY BLVD (OZONE PARK)","Queen",11416,"SAT",NA,"10:30AM - 1PM"
"FP","MUNA SOCIAL SERVICE BAITUN NOOR MASJID","88-19 LIBERTY AVENUE (OZONE PARK)","Queen",11417,"THUR","1,3","4-5PM"
"FP","ZION TABERNACLE F.B.H. CHURCH","105-01 107 AVENUE (OZONE PARK)","Queen",11417,"TUE",NA,"1-3PM"
"FP","CALVARY'S MISSION","102-16 89TH AVENUE (RICHMOND HILL)","Queen",11418,"SAT",NA,"9-10AM"
"FP","ELOHIM CHRISTIAN CHURCH FOOD PANTRY","87-47 111TH STREET, RICHMOND HILLS","Queen",11418,"FRI",NA,"7-9AM"
"FP","HOLY CHILD JESUS FOOD PANTRY","112-06 86TH AVENUE (RICHMOND HILL)","Queen",11418,"MON, THUR",NA,"10AM-12PM"
"FP","RIVER FUND","89-11 LEFFERTS BLVD (RICHMOND HILL)","Queen",11418,"WED,SAT",NA,"9-11:30AM"
"FP","FAITH ASSEMBLY COMMUNITY OUTREACH","120-13 101ST AVENUE (SOUTH RICHMOND HILL)","Queen",11419,"SAT","4","10AM-12PM"
"FP","DELIVERANCE TEMPLE CHURCH OF JESUS CHRIST","134-10 ROCKAWAY BLVD SO. OZONE PARK","Queen",11420,"TUE",NA,"5:30-6:30PM"
"FP","LEVITICUS CHURCH","114-12 VAN WYCK EXPRESSWAY","Queen",11420,"WED,SAT",NA,"1-2PM/12-1PM"
"FP","ST. TERESA OF AVILA COMMUNITY SERVICES","129-04 109TH AVENUE","Queen",11420,"MON,THUR",NA,"9-10:30AM"
"FP","ST. PETERS - YVONNE GITTENS FOOD","137-28 244TH STREET","Queen",11422,"SAT",NA,"11-1PM"
"FP","TAURUS ASSOCIATES INC.","240-08 135TH AVENUE","Queen",11422,"WED",NA,"3-5PM"
"FP","BERACA SEVENTH DAY ADVENTIST CHURCH","91-19 191 STREET","Queen",11423,"WED",NA,"9:30AM-12PM"
"FP","HOLLIS COMMUNITY CHRISTIAN CENTER","191-22 JAMAICA AVENUE","Queen",11423,"SAT",NA,"10AM-12PM"
"FP","JESUS IS THE ANSWER - J.I.T.A. COMMUNITY OUTREACH","205-11 JAMAICA AVENUE","Queen",11423,"SAT",NA,"1-3PM"
"FP","MUNA SOCIAL SERVICE MASJID AR-RAYYAN","196-43 FOOTHILL AVENUE (HOLLIS)","Queen",11423,"WED","1,3","2-3PM"
"FP","MOUNT SINAI SEVENTH DAY ADVENTIST CHURCH","217-10 93RD AVENUE","Queen",11428,"WED",NA,"5-7PM"
"FP","DIVINE FOOD PANTRY","215-31 99TH AVENUE (QUEEN VILLAGE)","Queen",11429,"FRI","1,3","5-7:30PM"
"FP","HOLLIS AVENUE CONGREGATIONAL CHURCH","211-04 HOLLIS AVE., QUEENS VILLAGE","Queen",11429,"TUE",NA,"8-11AM"
"FP","HOPE RESTORATION MINISTRIES","101-01 SPRINGFIELD BLVD (QUEENS VILLAGE)","Queen",11429,"SAT","","2-4PM"
"FP","QUEENSBORO TEMPLE SEVENTH DAY ADVENTIST CHURCH","96-50 222ND STREET","Queen",11429,"WED",NA,"1-4PM"
"FP","VETS INC, HOLLIS GARDENS","202-14 HOLLIS AVENUE","Queen",11429,"THUR",NA,"3-5PM"
"FP","AIDS CENTER OF QUEENS COUNTY","161-21 JAMAICA AVE - 6TH FLOOR","Queen",11432,"THUR",NA,"8:30-9:30AM"
"FP","ALL MY CHILDREN","175-44 MAYFIELD ROAD","Queen",11432,"TUE",NA,"11AM-1PM"
"FP","FIRST PRESBYTERIAN CHURCH OF JAMAICA","89-60 164TH STREET","Queen",11432,"TUE,SAT","4","10AM-12PM/9-11AM"
"SK","FIRST PRESBYTERIAN CHURCH OF JAMAICA","89-60 164TH STREET","Queen",11432,"WED",NA,"5:30-6:30PM"
"FP","FIRST UNITED METHODIST CHURCH OF JAMAICA","162-10 HIGHLAND AVENUE","Queen",11432,"MON",NA,"8:30-9:30AM"
"FP","JAMAICA HISPANIC SEVENTH DAY ADVENTIST CHURCH","88-28 161 STREET","Queen",11432,"SUN",NA,"8-9AM"
"FP","JAMAICA SEVENTH DAY ADVENTIST CHURCH","88-28 163 STREET","Queen",11432,"SUN",NA,"9:30-11:30AM"
"FP","MASJID OMAR ABDEL AZIZ","8829 161ST STREET","Queen",11432,"WED","3","3-5PM"
"FP","ST. NICHOLAS OF TOLENTINE CHURCH- F.P.","150-75 GOETHALS AVENUE","Queen",11432,"THUR",NA,"9AM-12PM"
"FP","TABERNACLE OF PRAYER","90-07 MERRICK BLVD","Queen",11432,"WED",NA,"10-11:30AM"
"FP","THE SALVATION ARMY JAMAICA CITADEL CORPS","90-23 161ST STREET","Queen",11432,"TUE,THUR",NA,"10AM-1PM"
"SK","THE SALVATION ARMY JAMAICA CITADEL CORPS","90-23 161ST STREET","Queen",11432,"MON,TUES,WED",NA,"12PM-1PM"
"FP","ALLEN OUTREACH MINISTRY FEEDING PROGRAM","110-31 MERRICK BLVD","Queen",11433,"MON,THUR",NA,"3-5PM/11AM-1PM"
"FP","BETHANY BAPTIST CHURCH OF JAMAICA","157-11 111TH AVE","Queen",11433,"TUE,WED",NA,"11AM-2PM"
"FP","BETHEL GOSPEL TABERNACLE CHURCH","110-25 GUY R. BREWER BLVD.","Queen",11433,"WED",NA,"9:30-11AM"
"SK","BETHEL GOSPEL TABERNACLE CHURCH","110-25 GUY R. BREWER BLVD.","Queen",11433,"TUE,FRI",NA,"12-2PM"
"FP","COMMUNITY CHURCH OF CHRIST FOOD PANTRY","167-04 108TH AVENUE","Queen",11433,"WED",NA,"1-3PM"
"FP","MACEDONIA AME CHURCH","106-16 GUY R. BREWER BLVD","Queen",11433,"MON,TUE",NA,"7AM-3PM/7AM-1PM"
"SK","MACEDONIA AME CHURCH","106-16 GUY R. BREWER BLVD","Queen",11433,"TUE",NA,"10AM-12PM"
"FP","THE HARDING FORD VISION, INC","157-22 TUSKEGEE AIRMEN WAY, JAMAICA","Queen",11433,"WED,SAT",NA,"10AM-12PM/2-4PM"
"FP","CHRIST CHURCH INTERNATIONAL JOSEPH'S HOUSE","122-20 MERRILL STREET","Queen",11434,"SAT","2,4","10AM-12PM"
"FP","MARANATHA FRENCH SEVENTH DAY ADVENTIST CHURCH","173-04 LINDEN BLVD","Queen",11434,"SUN",NA,"10AM-12PM"
"FP","MINISTRY TOOLS INC","170-20 140TH AVE","Queen",11434,"THUR",NA,"4-6PM"
"FP","MORE THAN CONQUERORS GLOBAL MINISTRIES INC","153-56 ROCKAWAY BLVD","Queen",11434,"SAT",NA,"2-4PM"
"FP","NATIONAL SORORITY OF PHI DELTA KAPPA","117-08 MERRICK BLVD","Queen",11434,"THUR",NA,"11AM-1PM"
"FP","SINGH FAMILY CHARITY INC","121-13 SUTPHIN BLVD","Queen",11434,"SAT",NA,"8-10AM"
"FP","BLANCHE MEMORIAL CHURCH","109-74 SUTPHIN BLVD","Queen",11435,"TUE",NA,"9-10AM"
"FP","CHRIST APOSTOLIC CHURCH OF AMERICA, INC","108-02 SUTPHIN BLVD","Queen",11435,"SAT",NA,"9AM-1PM"
"FP","ICNA RELIEF USA","8791 144TH STREET","Queen",11435,"THUR",NA,"11AM-1PM"
"FP","MORRIS BROWN HELPING HAND FOOD PROGRAM","145-03 ROCKAWAY BLVD (SO. OZONE PARK)","Queen",11436,"WED",NA,"10AM-12PM"
"FP","SOUTH OZONE PARK SEVENTH DAY ADVENTIST CHURCH","120-12 140TH STREET","Queen",11436,"WED",NA,"12-2PM"
"FP","UNION UNITED FOOD PANTRY","126-22 150TH STREET","Queen",11436,"FRI","3","12-3PM"
"FP","MUNA SOCIAL SERVICE SOUTH JAMAICA","164-38 108TH AVENUE","Queen",11453,"WED","1,3","4-5PM"
"FP","AIDS CENTER OF QUEENS COUNTY (ACQC)","1600 CENTRAL AVENUE - 3RD FLOOR (FAR ROCKAWAY)","Queen",11691,"FRI",NA,"9:30-10:30AM"
"FP","FIRST PRESBYTERIAN RUSSELL SAGE MEMORIAL CHURCH OF FAR ROCKA","896 CENTRAL AVENUE (FAR ROCKAWAY)","Queen",11691,"SAT",NA,"9-10:30AM"
"FP","J.U.S.T.I.C.E. ORGANIZATION/JESUS IS JUSTICE MISSION INC.","223 BEACH 28TH STREET (FAR ROCKAWAY)","Queen",11691,"WED",NA,"12-2PM"
"FP","JEWISH COMMUNITY COUNCIL OF THE ROCKAWAY PENINSULA","1525 CENTRAL AVE","Queen",11691,"TUE,THUR",NA,"9:30AM - 1:30PM"
"FP","QUEENS DEFENDERS NOT FOR PROFIT","1922 MOTT AVENUE (FAR ROCKAWAY)","Queen",11691,"WED",NA,"12-1PM"
"FP","SOLID ROCK SEVENTH DAY ADVENTIST CHURCH","5205 ROCKAWAY BEACH BLVD","Queen",11691,"WED",NA,"10-11AM"
"FP","ST. MARY STAR OF THE SEA","19-20 NEW HAVEN AVENUE","Queen",11691,"TUE,FRI",NA,"1-3PM/1-3:30PM"
"FP","UNITED METHODIST CENTER IN FAR ROCKAWAY","1032 BEACH 19TH STREET (NEAR MOTT AVE)","Queen",11691,"TUE,THUR",NA,"9:30-11AM"
"SK","UNITED METHODIST CENTER IN FAR ROCKAWAY","1032 BEACH 19TH STREET (NEAR MOTT AVE)","Queen",11691,"MON,TUES,WED,THUR,FRI",NA,"12-1PM & 4:30-5:30PM"
"FP","BETHEL AME CHURCH/BETHEL ARVERNE COMM.","215 BEACH 77TH STREET","Queen",11692,"THUR",NA,"11AM-1PM"
